date,sku_id,category,sales_quantity,unit_price,sales_revenue,stock_level
2024-03-01,SKU0046,Food,2,385.92,771.84,494.0
2024-04-07,SKU0048,Food,740,314.25,232545.0,195.0
2024-12-26,SKU0046,Sports,0,50.37,0.0,
2024-01-25,SKU0003,Electronics,44,138.51,6094.44,212.0
2024-04-21,SKU0039,Clothing,82,339.23,27816.86,496.0
2024-01-26,SKU0037,Home,15,349.22,5238.3,371.0
2024-06-28,SKU0034,Sports,-2,295.26,-590.52,54.0
2024-02-19,SKU0030,Clothing,84,299.21,25133.64,141.0
2024-06-25,SKU0015,Home,87,205.51,17879.37,30.0
2025-01-30,SKU0026,Food,0,84.02,0.0,
2024-03-13,SKU0042,Sports,34,484.86,16485.24,446.0
2024-01-03,SKU0022,Food,25,409.76,10244.0,147.0
2024-12-02,SKU0003,Home,744,168.57,125416.08,337.0
2024-01-27,SKU0016,Clothing,-14,137.3,-1922.2000000000003,37.0
2024-04-28,SKU0002,Sports,20,275.53,5510.599999999999,259.0
2024-04-25,SKU0002,Home,63,292.49,18426.87,224.0
2024-02-11,SKU0026,Sports,80,71.08,5686.4,465.0
2024-05-23,SKU0050,Sports,-13,274.59,-3569.6699999999996,483.0
2024-03-08,SKU0032,Electronics,64,96.5,6176.0,162.0
2024-06-17,SKU0044,Electronics,75,435.55,32666.25,236.0
2024-04-07,SKU0045,Food,12,436.25,5235.0,423.0
2024-04-11,SKU0042,Home,90,215.27,19374.3,139.0
2024-01-13,SKU0033,Home,88,166.19,14624.72,467.0
2024-01-12,SKU0040,Sports,39,455.14,17750.46,16.0
2024-06-07,SKU0030,Sports,-15,62.42,-936.3000000000001,300.0
2024-06-16,SKU0033,Food,25,96.43,2410.75,206.0
2024-01-27,SKU0019,Home,14,90.19,1262.6599999999999,77.0
2024-04-27,SKU0006,Clothing,12,440.77,5289.24,354.0
2024-03-10,SKU0041,Electronics,97,264.23,25630.31,72.0
2025-01-19,SKU0028,Electronics,0,231.18,0.0,381.0
2024-02-29,SKU0004,Electronics,37,85.14,3150.18,359.0
2024-06-20,SKU0037,Clothing,96,94.12,9035.52,136.0
2024-05-21,SKU0026,Electronics,65,192.92,12539.8,265.0
2024-05-17,SKU0002,Sports,90,72.47,6522.3,80.0
2025-01-12,SKU0012,Electronics,558,249.44,139187.52,202.0
2024-02-24,SKU0017,Food,59,231.59,13663.81,239.0
2024-01-01,SKU0030,Electronics,20,23.0,460.0,389.0
2024-05-05,SKU0007,Clothing,40,49.71,1988.4,150.0
2024-03-09,SKU0001,Food,-17,357.0,-6069.0,436.0
2024-01-26,SKU0046,Clothing,79,471.94,37283.26,345.0
2025-01-13,SKU0005,Food,0,343.44,0.0,
2024-06-19,SKU0023,Food,11,119.98,1319.78,116.0
2024-03-08,SKU0028,Sports,46,140.84,6478.64,87.0
2024-01-24,SKU0035,Electronics,7,110.52,773.64,428.0
2024-01-30,SKU0032,Home,58,210.28,12196.24,469.0
2024-04-18,SKU0001,Clothing,86,232.11,19961.460000000003,344.0
2024-01-15,SKU0035,Home,81,176.54,14299.74,210.0
2024-01-25,SKU0019,Sports,98,301.59,29555.819999999996,427.0
2024-06-25,SKU0042,Sports,41,313.12,12837.92,467.0
2024-01-01,SKU0043,Sports,100,401.96,40196.0,178.0
2024-01-05,SKU0039,Sports,20,447.41,8948.2,45.0
2024-04-12,SKU0008,Clothing,79,179.71,14197.09,147.0
2024-01-11,SKU0027,Food,59,214.71,12667.890000000001,225.0
2024-02-03,SKU0023,Clothing,71,342.23,24298.33,405.0
2024-04-06,SKU0028,Clothing,71,400.67,28447.57,88.0
2024-12-18,SKU0005,Sports,0,90.18,0.0,
2024-06-15,SKU0021,Home,56,450.79,25244.24,115.0
2024-04-15,SKU0009,Electronics,-11,347.06,-3817.66,154.0
2024-01-28,SKU0033,Sports,89,73.46,6537.94,360.0
2024-03-27,SKU0050,Sports,84,401.71,33743.64,69.0
2024-01-22,SKU0008,Food,54,280.5,15147.0,263.0
2024-01-19,SKU0034,Clothing,73,371.64,27129.719999999998,430.0
2024-03-19,SKU0004,Home,36,410.8,14788.800000000001,460.0
2024-01-09,SKU0024,Sports,51,33.01,1683.51,47.0
2024-06-02,SKU0011,Sports,30,98.9,2967.0,281.0
2024-03-10,SKU0048,Electronics,92,432.44,39784.48,227.0
2024-05-27,SKU0014,Sports,96,275.93,26489.28,352.0
2024-01-28,SKU0023,Sports,9,350.4,3153.6,442.0
2024-01-16,SKU0011,Electronics,15,26.63,399.45,170.0
2024-06-20,SKU0012,Clothing,-16,43.24,-691.84,101.0
2024-01-18,SKU0009,Home,27,154.29,4165.83,0.0
2024-06-03,SKU0029,Clothing,58,331.07,19202.06,355.0
2024-04-26,SKU0020,Home,4,242.36,969.44,477.0
2024-05-15,SKU0047,Food,67,85.41,5722.469999999999,471.0
2024-01-27,SKU0021,Sports,85,131.76,11199.599999999999,378.0
2024-05-29,SKU0033,Food,89,24.33,2165.37,326.0
2024-02-05,SKU0039,Sports,5,108.8,544.0,27.0
2024-03-08,SKU0029,Sports,67,97.49,6531.83,209.0
2024-05-21,SKU0002,Sports,86,451.01,38786.86,311.0
2024-12-23,SKU0047,Home,0,399.46,0.0,
2024-01-24,SKU0020,Sports,48,47.3,2270.3999999999996,220.0
2024-06-01,SKU0027,Food,97,86.07,8348.789999999999,390.0
2024-03-31,SKU0007,Electronics,97,302.45,29337.649999999998,124.0
2024-05-25,SKU0038,Food,14,317.48,4444.72,445.0
2024-04-24,SKU0025,Electronics,93,67.28,6257.04,465.0
2024-03-21,SKU0005,Food,35,124.47,4356.45,209.0
2024-06-27,SKU0025,Clothing,87,166.36,14473.320000000002,96.0
2024-04-29,SKU0040,Sports,11,62.23,684.53,74.0
2024-01-31,SKU0038,Electronics,63,245.14,15443.82,169.0
2024-02-18,SKU0042,Food,6,186.88,1121.28,395.0
2024-03-01,SKU0022,Clothing,4,305.54,1222.16,58.0
2024-05-05,SKU0025,Home,89,216.5,19268.5,232.0
2024-02-15,SKU0026,Electronics,-19,60.23,-1144.37,233.0
2024-05-22,SKU0035,Clothing,49,416.17,20392.33,357.0
2024-05-18,SKU0041,Food,14,42.02,588.2800000000001,162.0
2024-02-15,SKU0028,Home,-16,177.52,-2840.32,217.0
2024-05-04,SKU0029,Food,92,302.17,27799.640000000003,292.0
2024-06-03,SKU0014,Clothing,86,177.62,15275.32,108.0
2024-03-31,SKU0031,Clothing,57,462.02,26335.14,405.0
2024-05-12,SKU0002,Home,29,67.7,1963.3000000000002,147.0
2024-01-29,SKU0033,Sports,91,410.55,37360.05,161.0
2024-01-26,SKU0029,Home,27,297.25,8025.75,440.0
2024-06-16,SKU0032,Food,2,351.05,702.1,350.0
2024-01-07,SKU0030,Home,33,376.33,12418.89,305.0
2024-04-30,SKU0040,Clothing,725,437.05,316861.25,183.0
2024-05-24,SKU0047,Clothing,67,150.75,10100.25,369.0
2024-01-09,SKU0001,Home,32,273.32,8746.24,291.0
2024-04-29,SKU0009,Sports,57,99.14,5650.9800000000005,387.0
2024-05-04,SKU0020,Home,78,463.37,36142.86,228.0
2024-01-20,SKU0049,Electronics,25,343.27,8581.75,254.0
2024-05-07,SKU0005,Sports,92,254.2,23386.399999999998,482.0
2024-06-01,SKU0027,Electronics,82,386.45,31688.899999999998,432.0
2024-05-04,SKU0027,Food,8,223.7,1789.6,422.0
2024-03-03,SKU0020,Clothing,42,469.05,19700.100000000002,149.0
2024-03-17,SKU0046,Home,32,214.61,6867.52,319.0
2024-06-11,SKU0001,Clothing,61,427.09,26052.489999999998,74.0
2024-03-03,SKU0018,Electronics,28,181.56,5083.68,388.0
2024-01-12,SKU0040,Sports,39,455.14,17750.46,16.0
2024-05-02,SKU0021,Electronics,16,444.13,7106.08,195.0
2024-03-21,SKU0035,Electronics,81,231.7,18767.7,155.0
2024-03-27,SKU0007,Home,41,162.74,6672.34,491.0
2024-03-29,SKU0025,Food,40,439.62,17584.8,320.0
2024-06-05,SKU0050,Clothing,72,381.54,27470.88,323.0
2024-02-10,SKU0028,Sports,26,78.24,2034.2399999999998,301.0
2024-01-17,SKU0032,Food,63,416.57,26243.91,62.0
2024-04-28,SKU0025,Food,43,461.21,19832.03,136.0
2024-05-10,SKU0003,Sports,55,20.42,1123.1000000000001,333.0
2024-03-03,SKU0024,Electronics,82,421.06,34526.92,76.0
2024-02-24,SKU0035,Home,74,79.02,5847.48,358.0
2024-04-12,SKU0037,Clothing,55,256.08,14084.4,128.0
2024-02-11,SKU0034,Home,90,440.53,39647.7,89.0
2024-06-18,SKU0025,Food,51,28.13,1434.6299999999999,122.0
2024-01-14,SKU0045,Electronics,75,344.8,25860.0,191.0
2024-02-09,SKU0003,Clothing,43,396.41,17045.63,30.0
2024-02-23,SKU0048,Electronics,87,356.55,31019.850000000002,320.0
2024-06-11,SKU0045,Electronics,37,230.91,8543.67,278.0
2024-05-29,SKU0048,Sports,99,213.17,21103.829999999998,376.0
2024-01-20,SKU0048,Electronics,17,368.79,6269.43,420.0
2024-03-08,SKU0040,Food,75,472.69,35451.75,233.0
2024-01-11,SKU0039,Home,62,88.77,5503.74,4.0
2024-01-09,SKU0040,Clothing,56,439.83,24630.48,43.0
2024-04-18,SKU0041,Food,54,173.78,9384.12,233.0
2024-01-24,SKU0009,Sports,16,374.53,5992.48,50.0
2024-03-11,SKU0043,Sports,23,422.5,9717.5,295.0
2024-05-30,SKU0019,Electronics,44,77.07,3391.08,322.0
2024-02-01,SKU0020,Clothing,38,204.67,7777.459999999999,122.0
2024-02-24,SKU0033,Electronics,18,184.28,3317.04,331.0
2024-06-15,SKU0049,Clothing,95,143.43,13625.85,281.0
2024-01-11,SKU0045,Home,76,258.66,19658.160000000003,238.0
2024-03-17,SKU0027,Sports,93,273.12,25400.16,46.0
2024-06-12,SKU0002,Electronics,92,416.81,38346.52,168.0
2024-06-17,SKU0020,Electronics,49,35.2,1724.8000000000002,247.0
2024-01-02,SKU0042,Food,86,174.1,14972.6,440.0
2024-02-10,SKU0045,Food,36,19.66,707.76,46.0
2024-01-18,SKU0048,Clothing,9,470.14,4231.26,493.0
2024-01-08,SKU0024,Electronics,78,202.3,15779.400000000001,127.0
2024-06-24,SKU0050,Sports,29,192.62,5585.9800000000005,23.0
2024-05-17,SKU0035,Electronics,49,307.79,15081.710000000001,273.0
2024-01-01,SKU0014,Home,55,414.09,22774.949999999997,289.0
2024-04-18,SKU0008,Home,71,252.62,17936.02,125.0
2024-03-04,SKU0023,Electronics,35,281.55,9854.25,357.0
2024-01-21,SKU0006,Home,60,210.61,12636.6,442.0
2024-02-09,SKU0028,Home,43,153.64,6606.5199999999995,147.0
2024-04-27,SKU0041,Electronics,64,187.57,12004.48,276.0
2024-04-04,SKU0025,Food,46,38.34,1763.64,249.0
2024-01-13,SKU0001,Sports,72,103.44,7447.68,440.0
2024-04-03,SKU0010,Electronics,42,466.74,19603.08,473.0
2024-06-29,SKU0036,Sports,79,179.39,14171.81,240.0
2024-01-12,SKU0009,Electronics,42,64.21,2696.8199999999997,338.0
2024-01-03,SKU0042,Electronics,55,142.66,7846.3,333.0
2024-06-20,SKU0048,Sports,83,200.75,16662.25,484.0
2024-02-07,SKU0044,Sports,25,73.15,1828.7500000000002,235.0
2024-01-15,SKU0041,Food,53,299.24,15859.720000000001,496.0
2024-02-25,SKU0002,Electronics,89,351.18,31255.02,397.0
2024-06-25,SKU0039,Sports,97,78.28,7593.16,226.0
2024-02-10,SKU0047,Home,-20,43.0,-860.0,247.0
2024-02-09,SKU0019,Clothing,-11,382.9,-4211.9,153.0
2024-03-01,SKU0048,Clothing,99,472.59,46786.409999999996,250.0
2024-03-05,SKU0036,Food,85,117.89,10020.65,183.0
2024-04-07,SKU0039,Sports,41,284.22,11653.02,20.0
2024-02-21,SKU0002,Clothing,50,419.12,20956.0,389.0
2024-12-26,SKU0016,Electronics,533,344.81,183783.73,4.0
2024-05-22,SKU0045,Sports,40,36.83,1473.1999999999998,84.0
2024-05-15,SKU0020,Electronics,18,111.86,2013.48,416.0
2024-04-11,SKU0044,Sports,94,116.94,10992.36,400.0
2024-03-14,SKU0035,Clothing,40,432.4,17296.0,164.0
2024-06-18,SKU0042,Clothing,53,300.54,15928.62,222.0
2024-02-20,SKU0006,Sports,35,110.44,3865.4,253.0
2024-05-19,SKU0011,Home,56,409.14,22911.84,415.0
2024-01-24,SKU0019,Food,33,493.96,16300.679999999998,337.0
2024-05-17,SKU0034,Sports,1,480.92,480.92,455.0
2024-02-28,SKU0017,Clothing,69,197.74,13644.060000000001,282.0
2025-01-25,SKU0029,Food,0,498.59,0.0,351.0
2024-05-21,SKU0007,Clothing,25,122.33,3058.25,38.0
2024-05-18,SKU0044,Electronics,11,51.9,570.9,205.0
2024-03-07,SKU0048,Sports,79,30.63,2419.77,445.0
2024-03-28,SKU0047,Electronics,9,271.4,2442.6,291.0
2024-02-08,SKU0006,Sports,16,378.83,6061.28,298.0
2024-06-12,SKU0029,Home,31,299.72,9291.320000000002,36.0
2024-02-22,SKU0035,Electronics,38,210.14,7985.32,14.0
2024-01-31,SKU0028,Sports,29,144.29,4184.41,450.0
2024-02-24,SKU0033,Food,96,288.29,27675.840000000004,247.0
2024-03-16,SKU0044,Food,54,363.9,19650.6,80.0
2024-06-01,SKU0012,Sports,65,401.4,26091.0,18.0
2024-01-28,SKU0007,Home,36,129.15,4649.400000000001,53.0
2024-03-28,SKU0026,Electronics,12,52.62,631.4399999999999,462.0
2024-02-27,SKU0021,Clothing,34,399.68,13589.12,351.0
2024-02-26,SKU0044,Electronics,88,315.88,27797.44,230.0
2024-03-08,SKU0032,Electronics,74,218.35,16157.9,265.0
2024-03-19,SKU0027,Sports,9,137.12,1234.08,165.0
2024-01-26,SKU0011,Food,7,223.07,1561.49,260.0
2024-04-24,SKU0007,Sports,4,459.48,1837.92,437.0
2024-06-20,SKU0015,Sports,28,84.74,2372.72,301.0
2024-03-31,SKU0013,Food,-11,320.66,-3527.26,226.0
2024-02-10,SKU0014,Clothing,18,42.2,759.6,10.0
2024-04-13,SKU0030,Food,54,206.95,11175.3,302.0
2024-04-19,SKU0023,Food,14,51.82,725.48,165.0
2024-12-13,SKU0026,Sports,920,387.5,356500.0,140.0
2024-05-16,SKU0047,Home,85,492.57,41868.45,331.0
2024-05-30,SKU0049,Sports,95,470.52,44699.4,226.0
2024-03-18,SKU0024,Sports,36,204.16,7349.76,120.0
2024-04-03,SKU0006,Food,93,417.75,38850.75,411.0
2024-03-21,SKU0044,Food,61,460.73,28104.530000000002,471.0
2024-06-14,SKU0029,Electronics,42,53.81,2260.02,173.0
2024-06-28,SKU0014,Electronics,61,307.29,18744.690000000002,411.0
2024-01-15,SKU0009,Electronics,4,173.41,693.64,383.0
2024-03-08,SKU0017,Food,98,439.96,43116.079999999994,389.0
2024-02-19,SKU0017,Clothing,23,133.38,3067.74,304.0
2024-05-18,SKU0009,Electronics,60,362.33,21739.8,426.0
2024-03-28,SKU0030,Home,34,23.28,791.52,325.0
2024-04-14,SKU0042,Home,-9,392.12,-3529.08,176.0
2024-05-21,SKU0008,Food,24,414.65,9951.599999999999,130.0
2024-01-21,SKU0021,Food,20,371.42,7428.400000000001,269.0
2024-02-09,SKU0043,Clothing,83,478.27,39696.409999999996,51.0
2024-01-29,SKU0037,Food,97,118.77,11520.69,416.0
2024-04-05,SKU0017,Home,70,19.01,1330.7,67.0
2024-01-03,SKU0022,Sports,16,420.14,6722.24,349.0
2024-06-20,SKU0030,Sports,35,395.31,13835.85,135.0
2024-05-10,SKU0022,Clothing,67,112.85,7560.95,492.0
2024-05-08,SKU0048,Clothing,73,311.77,22759.21,197.0
2024-02-25,SKU0037,Food,80,84.32,6745.599999999999,312.0
2024-02-24,SKU0033,Food,44,261.22,11493.68,194.0
2024-03-02,SKU0003,Home,43,141.35,6078.05,395.0
2024-05-28,SKU0008,Home,47,492.2,23133.399999999998,447.0
2024-03-04,SKU0008,Clothing,84,335.13,28150.92,306.0
2024-04-27,SKU0016,Clothing,994,377.33,375066.01999999996,358.0
2024-01-04,SKU0035,Food,90,118.39,10655.1,296.0
2024-05-23,SKU0012,Clothing,89,97.24,8654.359999999999,20.0
2024-02-05,SKU0016,Electronics,32,77.04,2465.28,212.0
2024-01-28,SKU0032,Food,645,179.48,115764.59999999999,121.0
2024-01-16,SKU0011,Sports,80,215.2,17216.0,7.0
2024-04-27,SKU0026,Clothing,52,424.76,22087.52,41.0
2024-02-28,SKU0022,Sports,981,22.05,21631.05,500.0
2024-06-28,SKU0033,Clothing,1,198.11,198.11,397.0
2024-04-18,SKU0026,Electronics,26,475.62,12366.12,174.0
2024-05-30,SKU0026,Sports,52,302.73,15741.960000000001,122.0
2024-03-08,SKU0017,Sports,56,343.03,19209.68,240.0
2024-05-21,SKU0002,Home,31,119.67,3709.77,382.0
2024-02-22,SKU0019,Sports,69,18.76,1294.44,335.0
2024-05-28,SKU0016,Clothing,32,365.14,11684.48,22.0
2024-02-23,SKU0042,Home,3,279.92,839.76,153.0
2024-12-15,SKU0029,Clothing,941,20.84,19610.44,424.0
2024-04-15,SKU0033,Electronics,33,387.75,12795.75,282.0
2024-02-11,SKU0044,Home,70,16.37,1145.9,483.0
2024-05-19,SKU0040,Home,77,497.5,38307.5,316.0
2024-02-02,SKU0042,Electronics,99,78.66,7787.339999999999,277.0
2024-02-21,SKU0001,Sports,594,484.75,287941.5,151.0
2024-03-23,SKU0028,Clothing,50,295.69,14784.5,18.0
2024-04-08,SKU0014,Sports,77,206.37,15890.49,295.0
2024-02-02,SKU0005,Clothing,95,374.32,35560.4,341.0
2024-05-15,SKU0020,Electronics,6,124.15,744.9000000000001,339.0
2024-02-11,SKU0019,Food,-3,481.87,-1445.6100000000001,492.0
2024-03-03,SKU0008,Clothing,75,78.49,5886.75,322.0
2024-03-08,SKU0033,Food,97,82.84,8035.4800000000005,221.0
2024-03-27,SKU0033,Electronics,4,111.15,444.6,14.0
2024-04-22,SKU0049,Clothing,78,458.01,35724.78,474.0
2024-06-09,SKU0022,Home,57,363.91,20742.870000000003,439.0
2024-05-15,SKU0024,Food,49,21.01,1029.49,185.0
2024-04-19,SKU0022,Food,33,434.97,14354.01,195.0
2024-05-29,SKU0024,Food,100,498.47,49847.0,309.0
2024-04-14,SKU0003,Electronics,22,355.73,7826.06,76.0
2024-02-11,SKU0036,Food,60,286.92,17215.2,135.0
2024-04-20,SKU0032,Clothing,36,253.22,9115.92,241.0
2024-03-16,SKU0023,Clothing,32,123.23,3943.36,251.0
2024-06-08,SKU0029,Food,60,495.67,29740.2,168.0
2024-03-13,SKU0039,Electronics,63,406.66,25619.58,85.0
2024-02-12,SKU0032,Food,98,401.93,39389.14,96.0
2024-06-09,SKU0008,Electronics,86,362.82,31202.52,1.0
2024-04-17,SKU0030,Sports,56,127.0,7112.0,466.0
2025-01-04,SKU0016,Clothing,0,143.9,0.0,
2024-05-27,SKU0029,Food,34,243.26,8270.84,477.0
2024-06-29,SKU0046,Clothing,90,95.21,8568.9,35.0
2024-05-16,SKU0037,Electronics,54,474.74,25635.96,336.0
2024-04-18,SKU0048,Clothing,74,423.83,31363.42,445.0
2024-05-19,SKU0012,Food,67,276.34,18514.78,267.0
2024-05-09,SKU0032,Clothing,31,58.73,1820.6299999999999,343.0
2024-02-09,SKU0037,Clothing,16,241.31,3860.96,300.0
2024-03-02,SKU0049,Clothing,60,198.32,11899.199999999999,38.0
2024-06-07,SKU0047,Home,49,324.16,15883.840000000002,209.0
2024-05-09,SKU0021,Sports,4,123.03,492.12,488.0
2024-05-04,SKU0016,Sports,55,151.46,8330.300000000001,60.0
2024-12-22,SKU0026,Home,0,475.92,0.0,
2024-05-17,SKU0049,Home,96,86.51,8304.960000000001,92.0
2024-03-21,SKU0035,Home,62,219.61,13615.820000000002,79.0
2024-06-27,SKU0016,Home,47,399.07,18756.29,219.0
2024-02-27,SKU0037,Home,56,329.2,18435.2,248.0
2024-02-18,SKU0026,Food,42,25.28,1061.76,139.0
2024-03-08,SKU0007,Sports,32,319.81,10233.92,224.0
2024-04-02,SKU0035,Clothing,87,350.03,30452.609999999997,230.0
2024-03-20,SKU0003,Home,54,492.36,26587.440000000002,26.0
2024-02-09,SKU0018,Clothing,26,122.7,3190.2000000000003,196.0
2024-02-10,SKU0031,Home,44,443.06,19494.64,277.0
2024-05-15,SKU0015,Electronics,79,432.27,34149.33,89.0
2024-03-16,SKU0018,Electronics,76,47.71,3625.96,438.0
2024-05-31,SKU0024,Clothing,94,266.3,25032.2,485.0
2024-06-14,SKU0001,Sports,70,347.32,24312.399999999998,306.0
2024-02-12,SKU0049,Sports,100,351.74,35174.0,282.0
2024-04-14,SKU0019,Food,59,115.32,6803.879999999999,361.0
2024-06-04,SKU0016,Electronics,11,463.53,5098.83,58.0
2024-02-06,SKU0028,Sports,52,294.49,15313.48,252.0
2024-05-20,SKU0005,Clothing,86,332.8,28620.8,144.0
2024-05-19,SKU0015,Home,96,87.72,8421.119999999999,73.0
2024-02-15,SKU0013,Home,81,126.71,10263.51,164.0
2024-05-29,SKU0014,Clothing,77,316.69,24385.13,415.0
2024-01-17,SKU0026,Sports,72,225.97,16269.84,137.0
2024-06-23,SKU0003,Food,60,390.01,23400.6,391.0
2024-01-24,SKU0003,Sports,66,410.13,27068.579999999998,60.0
2024-04-13,SKU0025,Sports,29,411.36,11929.44,450.0
2024-01-29,SKU0035,Sports,32,27.91,893.12,294.0
2024-03-26,SKU0012,Food,96,180.43,17321.28,349.0
2024-03-04,SKU0045,Home,56,438.1,24533.600000000002,51.0
2024-05-23,SKU0025,Sports,30,357.1,10713.0,317.0
2024-02-26,SKU0044,Electronics,23,42.87,986.01,46.0
2024-01-06,SKU0001,Electronics,50,15.39,769.5,498.0
2024-01-15,SKU0007,Home,69,436.35,30108.15,420.0
2024-01-13,SKU0032,Clothing,73,426.11,31106.030000000002,152.0
2024-02-28,SKU0002,Electronics,71,206.42,14655.82,147.0
2024-02-20,SKU0002,Home,91,123.78,11263.98,316.0
2024-06-04,SKU0045,Food,31,337.36,10458.16,355.0
2024-06-09,SKU0047,Electronics,59,286.77,16919.43,486.0
2024-03-15,SKU0006,Sports,1,236.38,236.38,361.0
2024-02-02,SKU0033,Clothing,50,384.17,19208.5,445.0
2024-01-19,SKU0032,Sports,60,95.93,5755.8,159.0
2024-03-24,SKU0007,Home,19,12.27,233.13,304.0
2024-05-21,SKU0009,Home,61,445.49,27174.89,446.0
2024-05-22,SKU0035,Clothing,49,416.17,20392.33,357.0
2024-03-02,SKU0013,Sports,54,196.05,10586.7,59.0
2024-01-16,SKU0028,Sports,45,130.74,5883.3,382.0
2024-06-15,SKU0009,Clothing,28,132.34,3705.52,428.0
2024-05-25,SKU0008,Home,54,120.06,6483.24,352.0
2024-03-09,SKU0032,Food,61,360.83,22010.629999999997,299.0
2024-04-12,SKU0049,Home,69,267.59,18463.71,104.0
2024-03-31,SKU0031,Clothing,57,462.02,26335.14,405.0
2024-06-04,SKU0041,Home,62,141.65,8782.300000000001,318.0
2024-01-02,SKU0006,Sports,22,335.87,7389.14,81.0
2024-04-01,SKU0032,Electronics,98,13.13,1286.74,461.0
2024-06-19,SKU0040,Food,-17,319.59,-5433.03,80.0
2024-02-03,SKU0023,Clothing,42,118.04,4957.68,320.0
2024-03-17,SKU0028,Sports,10,429.29,4292.900000000001,82.0
2024-06-12,SKU0015,Electronics,43,287.21,12350.029999999999,92.0
2024-03-12,SKU0049,Sports,80,100.72,8057.6,403.0
2024-06-10,SKU0004,Food,17,458.06,7787.02,282.0
2024-02-29,SKU0002,Home,50,194.7,9735.0,391.0
2024-02-03,SKU0006,Clothing,24,155.59,3734.16,78.0
2024-04-17,SKU0022,Home,69,454.17,31337.73,194.0
2024-03-12,SKU0026,Sports,75,309.61,23220.75,36.0
2024-01-21,SKU0017,Clothing,85,438.6,37281.0,77.0
2024-01-18,SKU0022,Food,83,498.99,41416.17,64.0
2024-01-14,SKU0039,Home,61,46.82,2856.02,196.0
2024-04-05,SKU0028,Electronics,41,449.2,18417.2,339.0
2024-05-01,SKU0003,Sports,49,335.2,16424.8,366.0
2024-03-08,SKU0050,Food,53,412.42,21858.260000000002,135.0
2024-06-18,SKU0004,Home,52,295.86,15384.720000000001,118.0
2024-01-12,SKU0016,Electronics,45,300.28,13512.599999999999,210.0
2024-05-26,SKU0016,Electronics,7,287.54,2012.7800000000002,255.0
2024-03-19,SKU0005,Clothing,629,381.55,239994.95,11.0
2024-04-02,SKU0001,Sports,28,177.49,4969.72,129.0
2024-04-15,SKU0026,Electronics,-12,319.98,-3839.76,353.0
2024-02-26,SKU0001,Electronics,29,174.25,5053.25,405.0
2024-06-11,SKU0025,Home,52,137.28,7138.56,166.0
2024-02-18,SKU0046,Home,10,69.08,690.8,119.0
2024-01-21,SKU0042,Sports,39,474.17,18492.63,144.0
2024-02-17,SKU0033,Sports,48,269.18,12920.64,253.0
2024-02-12,SKU0016,Home,48,29.32,1407.3600000000001,443.0
2024-12-05,SKU0014,Food,0,218.83,0.0,398.0
2024-01-03,SKU0037,Clothing,32,310.57,9938.24,41.0
2024-05-01,SKU0036,Electronics,28,368.96,10330.88,260.0
2024-06-24,SKU0025,Food,26,403.4,10488.4,157.0
2024-01-23,SKU0011,Clothing,45,335.95,15117.75,288.0
2024-04-18,SKU0049,Clothing,1,275.4,275.4,387.0
2024-01-07,SKU0037,Home,-19,466.69,-8867.11,128.0
2024-02-25,SKU0022,Sports,15,225.18,3377.7000000000003,285.0
2024-01-16,SKU0036,Electronics,90,164.49,14804.1,381.0
2024-05-21,SKU0032,Clothing,35,332.64,11642.4,312.0
2024-06-23,SKU0013,Sports,71,325.56,23114.76,226.0
2024-06-01,SKU0005,Clothing,68,266.95,18152.6,420.0
2024-03-12,SKU0027,Food,95,317.58,30170.1,152.0
2024-04-12,SKU0024,Electronics,92,458.59,42190.28,176.0
2024-06-14,SKU0040,Electronics,22,370.86,8158.92,101.0
2024-06-13,SKU0004,Sports,58,332.87,19306.46,223.0
2024-05-06,SKU0027,Home,60,450.05,27003.0,345.0
2024-03-21,SKU0035,Clothing,36,472.92,17025.12,203.0
2024-03-09,SKU0024,Sports,99,180.01,17820.989999999998,224.0
2024-03-11,SKU0046,Clothing,68,245.49,16693.32,271.0
2024-04-18,SKU0036,Food,41,185.83,7619.030000000001,155.0
2024-06-22,SKU0023,Clothing,77,90.49,6967.73,76.0
2024-03-30,SKU0039,Home,526,73.74,38787.24,151.0
2025-01-11,SKU0049,Home,0,349.9,0.0,
2024-06-23,SKU0047,Electronics,77,312.29,24046.33,346.0
2024-04-20,SKU0044,Home,28,174.21,4877.88,130.0
2024-05-13,SKU0033,Food,84,155.19,13035.96,73.0
2024-04-07,SKU0018,Clothing,56,257.89,14441.84,232.0
2024-03-08,SKU0024,Electronics,89,364.48,32438.72,407.0
2024-02-26,SKU0045,Clothing,674,487.01,328244.74,294.0
2024-01-17,SKU0011,Sports,10,371.38,3713.8,63.0
2024-03-12,SKU0011,Food,11,130.22,1432.42,236.0
2024-05-29,SKU0028,Sports,94,183.76,17273.44,7.0
2024-03-04,SKU0001,Home,31,437.74,13569.94,136.0
2024-04-23,SKU0012,Electronics,61,405.21,24717.809999999998,1.0
2024-04-02,SKU0035,Home,29,301.74,8750.460000000001,13.0
2024-02-05,SKU0009,Clothing,19,16.42,311.98,41.0
2024-01-19,SKU0031,Electronics,86,328.33,28236.379999999997,439.0
2024-05-25,SKU0039,Sports,70,315.83,22108.1,206.0
2024-01-01,SKU0036,Clothing,40,462.95,18518.0,278.0
2025-01-02,SKU0030,Clothing,0,118.18,0.0,
2024-12-22,SKU0037,Electronics,0,228.49,0.0,289.0
2024-01-18,SKU0003,Electronics,63,392.0,24696.0,454.0
2024-06-07,SKU0034,Food,91,216.46,19697.86,51.0
2024-01-27,SKU0002,Clothing,63,294.24,18537.12,500.0
2024-03-09,SKU0008,Home,66,292.38,19297.079999999998,338.0
2024-01-15,SKU0004,Sports,39,397.45,15500.55,361.0
2024-06-12,SKU0039,Sports,4,42.58,170.32,205.0
2024-04-04,SKU0014,Home,57,351.36,20027.52,403.0
2024-06-11,SKU0034,Food,84,437.34,36736.56,119.0
2024-05-18,SKU0012,Home,39,136.36,5318.040000000001,320.0
2024-01-30,SKU0040,Electronics,31,140.14,4344.339999999999,324.0
2024-05-08,SKU0036,Clothing,63,329.85,20780.550000000003,170.0
2024-06-29,SKU0023,Food,40,426.79,17071.600000000002,445.0
2024-01-19,SKU0041,Electronics,58,239.03,13863.74,332.0
2024-05-09,SKU0042,Electronics,37,204.62,7570.9400000000005,210.0
2024-04-04,SKU0037,Electronics,98,437.2,42845.6,236.0
2024-03-25,SKU0005,Electronics,76,91.48,6952.4800000000005,115.0
2024-01-07,SKU0015,Electronics,34,291.49,9910.66,37.0
2024-04-26,SKU0044,Electronics,78,18.87,1471.8600000000001,351.0
2024-01-29,SKU0022,Electronics,93,351.76,32713.68,123.0
2024-05-24,SKU0049,Electronics,73,123.52,9016.96,436.0
2024-04-07,SKU0039,Home,93,26.43,2457.99,485.0
2024-02-28,SKU0024,Home,6,205.1,1230.6,422.0
2024-05-01,SKU0024,Electronics,90,248.84,22395.6,211.0
2025-01-23,SKU0012,Electronics,0,330.71,0.0,
2024-02-16,SKU0048,Food,3,228.54,685.62,478.0
2024-04-22,SKU0003,Clothing,36,464.6,16725.600000000002,18.0
2024-12-18,SKU0022,Electronics,0,144.08,0.0,442.0
2024-04-27,SKU0024,Sports,97,91.85,8909.449999999999,436.0
2024-03-26,SKU0023,Home,-3,469.24,-1407.72,432.0
2024-01-19,SKU0021,Food,85,467.84,39766.4,217.0
2024-05-18,SKU0041,Clothing,60,249.82,14989.199999999999,300.0
2024-01-18,SKU0050,Food,73,98.98,7225.54,149.0
2024-06-21,SKU0018,Electronics,3,366.81,1100.43,97.0
2024-03-01,SKU0017,Home,-20,275.22,-5504.400000000001,327.0
2024-06-17,SKU0033,Clothing,23,64.13,1474.9899999999998,233.0
2024-03-04,SKU0031,Clothing,100,143.35,14335.0,35.0
2024-04-24,SKU0007,Sports,4,459.48,1837.92,437.0
2024-06-23,SKU0039,Home,21,22.44,471.24,142.0
2024-03-04,SKU0035,Clothing,37,490.78,18158.86,279.0
2024-02-28,SKU0044,Home,87,438.21,38124.27,409.0
2024-01-21,SKU0047,Clothing,17,83.46,1418.82,282.0
2024-01-18,SKU0038,Food,4,264.27,1057.08,208.0
2024-05-09,SKU0024,Clothing,74,236.71,17516.54,213.0
2024-03-21,SKU0033,Sports,99,274.35,27160.65,242.0
2024-03-30,SKU0033,Home,24,101.35,2432.3999999999996,367.0
2024-01-10,SKU0043,Food,69,441.63,30472.47,118.0
2024-04-26,SKU0015,Food,99,61.01,6039.99,240.0
2024-06-21,SKU0022,Food,44,181.85,8001.4,257.0
2024-02-26,SKU0032,Home,93,304.25,28295.25,363.0
2024-04-09,SKU0038,Food,14,485.82,6801.48,193.0
2024-06-16,SKU0040,Sports,96,252.79,24267.84,471.0
2024-03-05,SKU0015,Home,93,473.6,44044.8,240.0
2024-05-23,SKU0038,Food,6,256.33,1537.98,404.0
2024-04-18,SKU0015,Food,56,313.84,17575.039999999997,156.0
2024-06-03,SKU0044,Electronics,25,157.68,3942.0,310.0
2024-05-09,SKU0013,Home,32,252.98,8095.36,28.0
2024-04-01,SKU0004,Sports,65,383.6,24934.0,106.0
2024-04-23,SKU0002,Clothing,59,400.74,23643.66,40.0
2024-02-23,SKU0030,Food,68,150.65,10244.2,147.0
2024-02-13,SKU0018,Electronics,66,65.49,4322.339999999999,115.0
2024-02-24,SKU0049,Home,46,320.4,14738.4,255.0
2024-05-17,SKU0035,Electronics,97,54.88,5323.360000000001,404.0
2024-02-03,SKU0028,Electronics,76,475.48,36136.48,496.0
2024-05-20,SKU0015,Sports,3,448.33,1344.99,27.0
2024-01-29,SKU0029,Home,15,373.15,5597.25,251.0
2024-06-20,SKU0004,Clothing,100,493.98,49398.0,496.0
2024-05-03,SKU0024,Sports,78,98.48,7681.4400000000005,275.0
2024-03-12,SKU0044,Electronics,86,448.01,38528.86,317.0
2024-06-23,SKU0023,Sports,95,217.82,20692.899999999998,478.0
2024-02-10,SKU0008,Home,45,21.96,988.2,405.0
2024-02-22,SKU0019,Sports,69,18.76,1294.44,335.0
2024-01-10,SKU0025,Electronics,745,32.41,24145.449999999997,292.0
2024-03-04,SKU0001,Sports,-5,157.47,-787.35,196.0
2024-01-25,SKU0018,Clothing,39,289.25,11280.75,390.0
2024-02-05,SKU0040,Clothing,90,377.48,33973.200000000004,117.0
2024-04-07,SKU0008,Sports,21,155.7,3269.7,390.0
2024-05-11,SKU0006,Clothing,85,50.57,4298.45,467.0
2024-06-13,SKU0039,Sports,50,458.27,22913.5,256.0
2024-02-04,SKU0026,Food,72,54.83,3947.7599999999998,50.0
